E029R945y0p9Wo3;33508;2025;4
vWA3F4hDa255P2;81853;2025;4
kF6Wf54590x06;42278;2025;4
400H1yVOEb5M;74884;2025;4
70bF6585m0;97228;2025;4
83fM967e6tDg;40148;2025;4
e4g3S1fm39U4;28712;2025;4
7b1UwR3A89Mt775Zpp;71600;2025;4
5WwU559w6kW9s6;92658;2025;4
8nf3AySD;44585;2025;4
vhBhk8q3n8yeH7MN;56506;2025;4
04o29D7914;88916;2025;4
2siRF0jfx;86175;2025;4
8z8A3i2T6M20p81j;84037;2025;4
80sv0z4i47b51;79520;2025;4
9Nv85a4d9998;4045;2025;4
1758W5TAL15;7497;2025;4
4T7Vtv7n9FIY0;27969;2025;4
Q7W7162hS116M;35799;2025;4
39t835Y2zG40;26523;2025;4
297Z87k8Ie525B;81170;2025;4
2513iDx6NM;97905;2025;4
69W9sh33Rvc0kIi;46873;2025;4
ah12zv4XO0N0R;42309;2025;4
P8xy7Z2W9Hx3Rk81;41258;2025;4
EJ682u9P0fe3k97;55649;2025;4
400T8416cLC8432;98704;2025;4
723Jc857534Z;42840;2025;4
v1s82F4L8E9;45647;2025;4
6n9zo67h6EHm77X;38273;2025;4
67Sm4j49ws807264h;21942;2025;4
gZA1e4459PJc94;51688;2025;4
A58TXx2aT4ek;99395;2025;4
1AFPKZd6j8Z3a;92772;2025;4
1188V7kyU8g;41142;2025;4
ctb5d83AS7E;51091;2025;4
PFmyOBuh2aW6x;24341;2025;4
iY31qtCMUO24;25999;2025;4
7g49cQd6l;17407;2025;4
18O5v71lr284584;15379;2025;4
5tPZ7z7z96IhF7O1z;85117;2025;4
Z0i9y2i465t428;38259;2025;4
7p16p7p55j7u1d9vqu;98431;2025;4
9XSy8P169;19412;2025;4
2FJ9Y42Swv7Ln;75666;2025;4
1aoWKpX1i9uK7;73978;2025;4
f9W3z6318;21135;2025;4
09y2r63n692265;21592;2025;4
71ejZqX1y4b1r31P;58989;2025;4
4a62C4Ik011;36937;2025;4
47C9CRv76Hx8D;23222;2025;4
15D8706Z3S58RBb9;41148;2025;4
2p74K508PGo2F5RM;12077;2025;4
370C9hEy157E;94144;2025;4
9IrcpQl2E2F66H8U;12145;2025;4
dB5QRzOG0T3D;28872;2025;4
q5b6rHu3QW65Q;8617;2025;4
KAEz29zu;599;2025;4
3957v5kC7Wp;7327;2025;4
6CNf8X8aOx51S6w7;5961;2025;4
TYJ81GMM4Awx8;84557;2025;4
4k9948tQ6425x9Y;70561;2025;4
28H963w6T6T30;16976;2025;4
HhN6DPR08g1G9l;8899;2025;4
8ho19x45J5p4009;62979;2025;4
9HCC60bnQEL8;87287;2025;4
3hukDG1FPGlCy;65686;2025;4
Y79H88AVz35282;12390;2025;4
2O1Q1wE087blOG5;93175;2025;4
SQ89641U7ax1t;75414;2025;4
8NX5n006W5;47883;2025;4
G463087sQ9R71T;42641;2025;4
241n619b4118;59425;2025;4
6b4xSmX9Y2SYc0;7867;2025;4
8Ac675XcUhL1fX5;19339;2025;4
850S89Hpt29;83804;2025;4
65q963CtMv389f6;71476;2025;4
r1tim50boy3L12xaS1;68634;2025;4
22Rx31j0vd;44227;2025;4
7E7JffrgJ;24416;2025;4
87Es8932H371;74775;2025;4
q8G0t554H36d;52276;2025;4
vlU7s40SLB1h7W;85019;2025;4
uMa16BvsU512Vl;90023;2025;4
M7oa77170F1wsc;41744;2025;4
D9s88705f4340;66528;2025;4
1E2hsz124ri767;12939;2025;4
5iJ36mYifj5558;71253;2025;4
a4FoRB78wt9kK5;76506;2025;4
SA0w67i85;53147;2025;4
s05c3e092c0T0g3v3G;80097;2025;4
473CZ5D0iGeX7Y;13025;2025;4
Fi1Ug1919ce6znSe;46892;2025;4
nE68v87JSD5s7v3;56946;2025;4
6d4E7vOqH162Oj2e0;35300;2025;4
apcHaY7KZ6Bi;8928;2025;4
1499d0d5TA4Akf06;74054;2025;4
rG01J9l39592J0;21183;2025;4
5248750Ve2D43e;6571;2025;4
Y4S80j8u26294e;55314;2025;4