E029R94%5y0p"9Wo-(3{;33508;2025;4
^>[vWA<^!3F4hDa255P2;81853;2025;4
>kF6W.<-f54>5[90/x06;42278;2025;4
%4_00"H1-yVOEb5[](M{;74884;2025;4
}7\0bF%6(*?5%%-85m]0;97228;2025;4
<8_3,fM9.~67/:e6t=Dg;40148;2025;4
e<`4g<3S&)1[fm3'9(U4;28712;2025;4
7(b1UwR3A89Mt[77a5Zpp;71600;2025;4
5`WwU'*55>9%{w6kW9s6;92658;2025;4
8-n|]/,f~3%`#A[yS))D;44585;2025;4
vhB[>hk8q3n8ye~H7$MN;56506;2025;4
{0[\,#4^\]o29D`7914@;88916;2025;4
@2`s$'iR{.($%#F0"jfx;86175;2025;4
8z8A3i2T6M2'{!0p8%1j;84037;2025;4
80s?_v0](z4i$47`?b51;79520;2025;4
9N`v85a}4{d)99~<9>.8;4045;2025;4
"\1+7'5)^8|W5TAL15)&;7497;2025;4
(/4{,T7Vtv7n%9FIY0[%;27969;2025;4
Q7W:}716*2hS)1+1/6'M;35799;2025;4
/3``)9^^t835\Y2^zG40;26523;2025;4
?2>97<Z87/k8&Ie|525B;81170;2025;4
2{5&/$13~`iDx{6)#N"M;97905;2025;4
6^9W9sh]33:`Rvc0kI*i;46873;2025;4
a*h12zv}4X@O^:0N!0R,;42309;2025;4
P8xy7Z2><W9Hx:+3Rk81;41258;2025;4
EJ682u9}P'0fe+3k9,[7;55649;2025;4
&%400T8(4\16cLC84'32;98704;2025;4
723Jc8"5^7`53*4Z&:"-;42840;2025;4
"^v=1s]}8%2F&4L8,]E9;45647;2025;4
6n9^?zo67'h{6EH|m77X;38273;2025;4
67Sm4j"49ws807@26^4h;21942;2025;4
gZA,1e\4|4=59,PJc9$4;51688;2025;4
A5!#8^T=X)_x2+aT4+ek;99395;2025;4
1AFPK(Zd6j8(|'"Z'+3a;92772;2025;4
!./118!8V7%@kyU8g*{';41142;2025;4
c!?\tb5d8:`(3AS7(_^E;51091;2025;4
P?Fm=y+OBuh2'%aW$6)x;24341;2025;4
i=:%Y.31qtCMUO),(_24;25999;2025;4
:*`7&g)`]4=9(cQ_d6.l;17407;2025;4
18O5:v71l!r2?8458*4=;15379;2025;4
_5tPZ7z|7z96IhF7O-1z;85117;2025;4
Z-\^0i9y2|i$465t42@8;38259;2025;4
7p16p7p55j7u1d9vq#u@;98431;2025;4
9XS{\})]y8[P^(169]&>;19412;2025;4
2:{FJ9Y42#Sw@v7]L%n%;75666;2025;4
1a\o>W.KpX1*i9+uK#[7;73978;2025;4
~f*:9_!-W3._-z6^31[8;21135;2025;4
0/9y2r{63=n69&)2265[;21592;2025;4
71e"-jZqX1y4b1!~r31P;58989;2025;4
[4?a[=6[2C4)Ik01]<1&;36937;2025;4
47!C-9CR~v76,"H]x8'D;23222;2025;4
@15D87"06Z3S58RB]-b9;41148;2025;4
[2p7(4K5^08PGo2)F5RM;12077;2025;4
+(37"\"|0C9hE?y15\7E;94144;2025;4
9"IrcpQ:l2E"2F66H8}U;12145;2025;4
dB5Q(Rz$O.>G0"T3'D>,;28872;2025;4
q'~5b#6rH#u3Q`W[6$5Q;8617;2025;4
%K:*`AE=})z.}2~9z?%u;599;2025;4
#3">95\7{v!5=kC:7Wp);7327;2025;4
6_CNf{8X8aOx-51S6^w7;5961;2025;4
|TYJ81GM|M4:}Awx8&>.;84557;2025;4
4k,99"4*8_tQ6425x9Y/;70561;2025;4
.2`8H96=(3w6)T6/T3%0;16976;2025;4
*H^%hN6D:PR:08g1G9^l;8899;2025;4
8h"o19x#45J5)p4009$};62979;2025;4
9H}CC}|60^&bnQEL>8$";87287;2025;4
}3>^hu+kDG(1<F/PGlCy;65686;2025;4
Y79/H88"AVz3%52.}8(2;12390;2025;4
2O1#Q1{|wE087bl{OG]5;93175;2025;4
(SQ89"6<%41U@>7ax1.t;75414;2025;4
">8NX^}5n^:00,(6W$5\;47883;2025;4
G463087[sQ/[|9R>7$1T;42641;2025;4
241n|6+1<|$!9b4118,[;59425;2025;4
6!b4x>SmX9~Y2>SY),c0;7867;2025;4
8Ac6|7"5XcUhL{1fX(5>;19339;2025;4
85^&0!S89}_"Hpt2%"9+;83804;2025;4
65=q]96|$3C#tMv389f6;71476;2025;4
r1tim50boy3L,?12xaS1;68634;2025;4
2"`2Rx_[]:31^j0v{d?,;44227;2025;4
,7\E7J("f>fr]){\g.^J;24416;2025;4
*,87E.s89&3!2<H-'371;74775;2025;4
<@:q%8G0>t5#54H36[)d;52276;2025;4
%vl`U"7!s40,SLB'1h7W;85019;2025;4
uM~a1|6B>v%sU51?2=Vl;90023;2025;4
/M7/oa77170$~<F1^wsc;41744;2025;4
D9s8]8705!>f/4?"3,40;66528;2025;4
1E2[$h!sz1)24ri767%:;12939;2025;4
[5iJ36'mY'if/,j555<8;71253;2025;4
a4^FoRB,'78<wt9_k>K5;76506;2025;4
(=SA|0w~?67[i#8{}5*`;53147;2025;4
s05c3e)092c0T0g3v3]G;80097;2025;4
'/473CZ5}D0i]|GeX7Y|;13025;2025;4
Fi1Ug19!19ce6z:}n>Se;46892;2025;4
nE_6~8>v87JSD5s=7v3#;56946;2025;4
:6#_d4E7vOqH162Oj2e0;35300;2025;4
a'p`cHaY!&7K|Z>^6Bi(;8928;2025;4
1499@d0)d}5T[A4Akf06;74054;2025;4
rG0<1J9l39592]J`0},(;21183;2025;4
52487\^50]V-e2D}4"3e;6571;2025;4
Y)4S@80j8u26'29]&>4e;55314;2025;4
