U|_5%n~1`6t|4_69av2V;9605;2025;4
7=094@8u>520"72%0[L5;29147;2025;4
3HWb}:4}8}4V*gR1)155;51257;2025;4
_v/&O~_W}>7y/25uV*4r;80852;2025;4
v=/8>#!032#=90QG4V#D;95577;2025;4
340[@U_2i6%67N\'C}8c;2778;2025;4
`;5T&R[QBJ;y=f%}G@5c;81527;2025;4
n!0U7sWI51x/OXA*g:B[;44363;2025;4
3g933m)[\!Hq9.gg2L1n;73592;2025;4
}S?y9`Xa~"W5D6w99921;45780;2025;4
R${8r90f=G7mb@1=w2V>;52895;2025;4
}8n591o8u7M6VY1Z(5.';91454;2025;4
9r3epA1Jwe6m1rOcd}/_;7931;2025;4
*z51)]!/K+$,p3X07BSz;26162;2025;4
di1"`B2?X!3##D3owb3T;92126;2025;4
HM*60a1?(P.B|)=6G?Fs;39494;2025;4
74"69&_L\m17/~a-2$19;85466;2025;4
1G}DA98AE5d{s.:0;4s?;7042;2025;4
005H61S.0{wF6kp7}cM6;22724;2025;4
I><kC7l5u]U<3Nu1a34(;92048;2025;4
15$jd2?O7"5Ei*>\K+g3;76300;2025;4
6Ddr[nc\67368<382#+!;62097;2025;4
K86q5zS*75-6Hm65[+2J;62189;2025;4
9OCQjw-5/N5o9;]17=RR;88329;2025;4
zXu3I3H}k_91@v'6Fr01;37159;2025;4
$!2$7A429<5!7Rt#082>;36860;2025;4
0F6M9A5]lD090GY-{)1G;43263;2025;4
`"Sq;G0p\~x:"0T60N<#;40637;2025;4
'}be$7c7`8&\Ft8:4z{G;84632;2025;4
31=\8lv1|3A;*v08u4jj;59298;2025;4
}`A0j%60eGo{:6"{r5@h;92605;2025;4
x9M'11[08t]X89{4O7LA;4362;2025;4
1:423E%_4b1(Ot3!32=6;87932;2025;4
3!5EJlU`*<4.qm*)96.h;71782;2025;4
J7;5691pK03j36Rr42)\;32235;2025;4
U+PT86438096b3*Y!4|9;86344;2025;4
}Kr6l<88z9|.A8L2_09B;62399;2025;4
}g055_?16?h6S~V>I`lv;6789;2025;4
W>93%pWD5!9k8-!+Ne>*;18226;2025;4
'<8$cP[l1s286e1~2J2*;5829;2025;4
SR=8fd68]m?xc~|81r6g;9694;2025;4
02M[B2.K7Hp~79>4*&8k;60738;2025;4
p1.ct2u2}1a4s,0d028&;27252;2025;4
h\~6,VY).g}82130p3J6;80375;2025;4
,2-.Sk3r'8$6|26VM]4-;37694;2025;4
2upkQ2>Z~]6k1W7\d09P;27321;2025;4
$174821jw3=-aJ0-9d73;59859;2025;4
{I~F&0{#ZU}524"p@Te3;53348;2025;4
2lR1ru>,B|!b0v>E9<hG;3370;2025;4
6596SK0%'j3@^C|^9I23;81804;2025;4
6R)\Dv$14].@H_!C86XU;60426;2025;4
=)V~t4T7V9C43>4c0sq\;82513;2025;4
Q&F0-0004lBcAf>+67/N;43078;2025;4
9%8UD42c}88$f+#:9F=};48673;2025;4
(Z3N)y847t0)x5>(}4xx;5765;2025;4
23)sAsn2}Y<-Z-8eKg11;87909;2025;4
0g4!QeE=z\M!2Bc5`v39;61814;2025;4
FtS1*9(e4P8p>_yWDR^C;97856;2025;4
(6djzLH+i3!ew42MTU2$;98397;2025;4
6'4@9:646K{A94P8}V?};23600;2025;4
Q^g4\39;#\!1(4-<k1p5;61673;2025;4
i]73;3438Sg7G7:,.;<H;39921;2025;4
Z)07@P2&85<'L$&t|R8:;82806;2025;4
endgLo91`*n`xYSqD2cD;35504;2025;4
Z%%a=439?lpq?j/'5c7J;45328;2025;4
|B6^&=090;E5I+1ei4&S;23022;2025;4
x7In'A^mo:4{w[5\%iY0;89935;2025;4
;u}~Mt8nso77;2?6?@w#;23316;2025;4
7a(:[cx"/0\i>+|2OlWB;39707;2025;4
=26~;ear8c$&`O~b6Ih1;87132;2025;4
59:^8dg!=5u&^v5ep45R;84927;2025;4
*/G5I9^*61A2}b@6L~98;39781;2025;4
~p26[`>?0(9A#F122-0m;55094;2025;4
}:]gS4~K5"7HZ>Oa>`1l;46223;2025;4
.9L2;5FXA46u:vg8W>l|;65620;2025;4
~7h'|9U<8N61g$9yi,4c;41529;2025;4
-9t7~1181C8};/nD1C8};60974;2025;4
5W|"(-t4_j9u172]:Qk;;7429;2025;4
zY3E"E&@)%0/GHUA@4z;;760;2025;4
;!4*HR9_3z,143F(=13;;70391;2025;4
HcJ5^:Mh43:7.68%0\]e;59696;2025;4
VV?9f32D338Y%g2CRvK0;30250;2025;4
5?"=5(~6`6Sr$3tyu79T;86214;2025;4
`N2"{L3yGG:@@2'+~1z6;80730;2025;4
A3v2H;6Q#]2mD@%5>P(*;27465;2025;4
5+-R)t1_AJ(Y<hQW5R1U;47261;2025;4
/@a8q|(2LU7Rfvc>K39M;60450;2025;4
661)8A>%U@,5<16[6w7:;61288;2025;4
L@<'4a5d;v?JB0(9GNe>;84784;2025;4
^1~8@%5w50r%;n2I/Zn9;87139;2025;4
6'=^(3#zP1c2Kh9~M6u2;6865;2025;4
31F9w];)B'eg^Mp&4`^@;25095;2025;4
5b1V623H4E74-!8E1{{\;4111;2025;4
Mw8S"(+!`CP8bQwwJ.s2;64901;2025;4
x83422T98-Oz4}40@_F\;14143;2025;4
!!9D{1"J8U91*"247d+n;26822;2025;4
J\n2j+EW5#|<77%1\4M0;25239;2025;4
U/28*:k0XT5s8Y&81J7h;22725;2025;4
X3604d6I3}ZY1)8@I86W;76569;2025;4
2uH50_<7)239@^VR/C7W;85244;2025;4
